{
  "customizations": {
    "codespaces": {
      "repositories": {
        "duolingo/cli": {
          "permissions": {
            "contents": "read"
          }
        }
      }
    },
    "vscode": {
      "extensions": [
        "GitHub.copilot"
      ],
      "settings": {
        "git.autofetch": true
      }
    }
  },
  "features": {
    "ghcr.io/devcontainers/features/docker-in-docker:2": {
      "version": "latest"
    },
    "ghcr.io/devcontainers/features/sshd:1": {
      "version": "latest"
    }
  },
  "image": "ghcr.io/duolingo/codespaces",
  "onCreateCommand": "/onCreate",
  "postAttachCommand": "/postAttach",
  "postCreateCommand": "/postCreate",
  "postStartCommand": "/postStart",
  "remoteUser": "vscode",
  "updateContentCommand": "/updateContent"
}
